Ville;POMMES DE TERRE ;Ville;TOMATES ;Ville;OIGNONS;Ville;AILS ;Ville;MELONS PASTEQUES ;Ville;CAROTTES;Ville;PIMENTS ;Ville;POIVRONS ;Ville;CONCOMBRES;Ville;COURGETTES ;Ville;AUBERGINES ;Ville;ARTICHAUTS;Ville;CHOUX VERTS ;Ville;CHOUX FLEURS ;Ville;NAVETS;Ville;FEVES VERTES ;Ville;HARICOTS VERTS ;Ville;PETITS POIS;Ville;AUTRES LEGUMES;Ville;BLE DUR ;Ville;BLE TENDRE;Ville;ORGE ;Ville;AVOINE;Ville;TRITICALE ;Ville;Mais;Ville;Sorgho;Ville;Tomates indus;Ville;Tabac;Ville;Arachides;Ville;Autres;Ville;Feves feveroles;Ville;Pois secs;Ville;Lentilles;Ville;Pois chiches;Ville;Haricots secs;Ville;Gesses & guerfalas
9 BLIDA;478.8;7 BISKRA;1464;44 AIN-DEFLA;624.8;43 MILA;572.9;9 BLIDA;1072.9;42 TIPAZA;426.6;7 BISKRA;769.2;7 BISKRA;771.8;19 SETIF;954.6;7 BISKRA;634.4;37 TINDOUF;2 500,00;2 CHLEF;450;2 CHLEF;500;2 CHLEF;485.6;2 CHLEF;447.4;20 SAIDA;175.7;11 TAMANRASSET;275.6;30 OUARGLA;128.2;26 MEDEA;489.4;1 ADRAR;42.2;7 BISKRA;40.6;30 OUARGLA;34.8;1 ADRAR;28.1;TOTAL ALGERIE;62.6;18 JIJEL;160.9;44 AIN-DEFLA;191.7;10 BOUIRA;1410;44 AIN-DEFLA;700;44 AIN-DEFLA;200;24 GUELMA;329.3;42 TIPAZA;30;25 CONSTANTINE;18.7;6 BEJAIA;18;16 ALGER;25.9;15 TIZI-OUZOU;14.5;21 SKIKDA;10
12 TEBESSA;475;44 AIN-DEFLA;861.8;14 TIARET;565.1;4 O.E.BOUAGHI;276.7;21 SKIKDA;654.3;2 CHLEF;415.3;19 SETIF;673.5;18 JIJEL;647.4;16 ALGER;927.3;13 TLEMCEN;500;2 CHLEF;490.3;42 TIPAZA;289.9;18 JIJEL;489.3;18 JIJEL;358.6;20 SAIDA;348.8;7 BISKRA;169.5;5 BATNA;248.4;12 TEBESSA;116.3;44 AIN-DEFLA;463.1;7 BISKRA;42.2;3 LAGHOUAT;40;25 CONSTANTINE;30.8;23 ANNABA;23.5;14 TIARET;33.6;32 EL-BAYADH;75;6 BEJAIA;150;44 AIN-DEFLA;1250;8 BECHAR;36;39 EL-OUED;30.8;9 BLIDA;267.2;25 CONSTANTINE;18;42 TIPAZA;15.9;24 GUELMA;15.1;9 BLIDA;18.9;42 TIPAZA;14;TOTAL ALGERIE;8.2
16 ALGER;394.9;13 TLEMCEN;710.4;32 EL-BAYADH;529.1;TOTAL ALGERIE;166.6;44 AIN-DEFLA;653.8;28 M'SILA;400;18 JIJEL;626.8;19 SETIF;639.9;42 TIPAZA;834.4;37 TINDOUF;420.5;7 BISKRA;442.3;44 AIN-DEFLA;246.1;15 TIZI-OUZOU;374.4;43 MILA;325;43 MILA;270.7;23 ANNABA;167.2;37 TINDOUF;210.7;7 BISKRA;110.1;38 TISSEMSILT;406;47 GHARDAIA;38.8;24 GUELMA;36.3;7 BISKRA;29.3;3 LAGHOUAT;23;44 AIN-DEFLA;28;21 SKIKDA;44.2;48 RELIZANE;80;9 BLIDA;1000;1 ADRAR;31.9;TOTAL ALGERIE;25.8;21 SKIKDA;120;4 O.E.BOUAGHI;16.9;6 BEJAIA;15;42 TIPAZA;14.4;43 MILA;17.2;18 JIJEL;13.3;25 CONSTANTINE;8
43 MILA;390.6;39 EL-OUED;705.9;29 MASCARA;521.4;5 BATNA;158.9;42 TIPAZA;603.6;20 SAIDA;388.2;37 TINDOUF;500;9 BLIDA;520.6;37 TINDOUF;800;3 LAGHOUAT;380;27 MOSTAGANEM;439.6;22 S.B.ABBES;245;44 AIN-DEFLA;320.8;27 MOSTAGANEM;295.4;28 M'SILA;270;2 CHLEF;156.7;4 O.E.BOUAGHI;150;5 BATNA;100;2 CHLEF;386.9;39 EL-OUED;36.2;30 OUARGLA;34.9;8 BECHAR;27.9;25 CONSTANTINE;21.9;19 SETIF;1;4 O.E.BOUAGHI;42.9;TOTAL ALGERIE;70.2;42 TIPAZA;950;TOTAL ALGERIE;31.7;47 GHARDAIA;19;TOTAL ALGERIE;115.4;6 BEJAIA;16.9;13 TLEMCEN;15;13 TLEMCEN;14.1;42 TIPAZA;16.1;23 ANNABA;12;1 ADRAR;0
23 ANNABA;369.4;37 TINDOUF;672.7;4 O.E.BOUAGHI;451.3;39 EL-OUED;157.8;2 CHLEF;559.7;43 MILA;334.5;9 BLIDA;387.6;37 TINDOUF;500;18 JIJEL;784.8;20 SAIDA;372.7;43 MILA;424.1;TOTAL ALGERIE;206.6;24 GUELMA;300;15 TIZI-OUZOU;288.7;22 S.B.ABBES;250;21 SKIKDA;152;7 BISKRA;129.4;24 GUELMA;97.9;20 SAIDA;332;30 OUARGLA;33.3;23 ANNABA;34.1;10 BOUIRA;27.1;28 M'SILA;21;1 ADRAR;0;TOTAL ALGERIE;41.5;1 ADRAR;21;24 GUELMA;900.1;19 SETIF;26.1;1 ADRAR;15.2;44 AIN-DEFLA;110;18 JIJEL;16.2;44 AIN-DEFLA;14.6;15 TIZI-OUZOU;12.7;35 BOUMERDES;15.8;21 SKIKDA;11.9;2 CHLEF;0
14 TIARET;359.1;2 CHLEF;634.2;2 CHLEF;450.8;14 TIARET;144.6;4 O.E.BOUAGHI;491.6;4 O.E.BOUAGHI;301.4;42 TIPAZA;368.7;30 OUARGLA;406.7;13 TLEMCEN;551.3;42 TIPAZA;371.7;40 KHENCHELA;400;46 A.TEMOUCHENT;200;42 TIPAZA;290.7;44 AIN-DEFLA;259.8;4 O.E.BOUAGHI;240;47 GHARDAIA;140;30 OUARGLA;124;13 TLEMCEN;95.8;43 MILA;310.2;16 ALGER;32.9;1 ADRAR;33;24 GUELMA;27.1;10 BOUIRA;20.6;2 CHLEF;0;1 ADRAR;30.7;2 CHLEF;0;48 RELIZANE;872;7 BISKRA;25;8 BECHAR;11.8;1 ADRAR;97.8;20 SAIDA;16;15 TIZI-OUZOU;14.3;43 MILA;12.5;18 JIJEL;15.1;13 TLEMCEN;11;3 LAGHOUAT;0
44 AIN-DEFLA;356.4;18 JIJEL;628.6;20 SAIDA;438.2;23 ANNABA;140;39 EL-OUED;477.3;21 SKIKDA;296.8;TOTAL ALGERIE;297.9;42 TIPAZA;402.1;2 CHLEF;533.8;27 MOSTAGANEM;346.4;9 BLIDA;374.9;16 ALGER;189.8;13 TLEMCEN;288.9;22 S.B.ABBES;256.3;46 A.TEMOUCHENT;239.5;24 GUELMA;138.2;18 JIJEL;118;18 JIJEL;90.8;14 TIARET;271.3;43 MILA;32.3;25 CONSTANTINE;31;33 ILLIZI;27;24 GUELMA;20.1;3 LAGHOUAT;0;2 CHLEF;0;3 LAGHOUAT;0;22 S.B.ABBES;850;39 EL-OUED;23.4;36 EL-TARF;10.9;32 EL-BAYADH;66.7;44 AIN-DEFLA;15.7;23 ANNABA;14;21 SKIKDA;12.4;24 GUELMA;14.5;TOTAL ALGERIE;9.4;4 O.E.BOUAGHI;0
10 BOUIRA;345.4;42 TIPAZA;617.7;17 DJELFA;385;41 SOUK-AHRAS;131.9;36 EL-TARF;461.3;24 GUELMA;265.7;27 MOSTAGANEM;294.9;27 MOSTAGANEM;370.8;7 BISKRA;466.1;44 AIN-DEFLA;338.2;18 JIJEL;348.8;27 MOSTAGANEM;189;19 SETIF;270;42 TIPAZA;241.3;29 MASCARA;238.9;18 JIJEL;135.7;1 ADRAR;115.8;22 S.B.ABBES;84;13 TLEMCEN;258.2;10 BOUIRA;31.6;35 BOUMERDES;31;43 MILA;26.8;4 O.E.BOUAGHI;20;4 O.E.BOUAGHI;0;3 LAGHOUAT;0;4 O.E.BOUAGHI;0;2 CHLEF;770;5 BATNA;17.7;3 LAGHOUAT;8;30 OUARGLA;53.4;15 TIZI-OUZOU;15.2;43 MILA;13.1;2 CHLEF;12;15 TIZI-OUZOU;14;41 SOUK-AHRAS;8;5 BATNA;0
36 EL-TARF;344.8;TOTAL ALGERIE;591.3;27 MOSTAGANEM;351.7;12 TEBESSA;129.3;16 ALGER;453.5;16 ALGER;263.3;39 EL-OUED;274.9;39 EL-OUED;358.8;27 MOSTAGANEM;460;43 MILA;330.6;20 SAIDA;322.2;36 EL-TARF;179.1;TOTAL ALGERIE;269.7;16 ALGER;240.9;44 AIN-DEFLA;237.1;40 KHENCHELA;128.9;22 S.B.ABBES;100;2 CHLEF;80;46 A.TEMOUCHENT;253.3;24 GUELMA;31.2;10 BOUIRA;30.8;39 EL-OUED;25.5;7 BISKRA;20;5 BATNA;0;5 BATNA;0;5 BATNA;0;43 MILA;751.9;4 O.E.BOUAGHI;17.1;2 CHLEF;0;7 BISKRA;25.3;24 GUELMA;15.1;24 GUELMA;12.4;34 B.B.ARRERIDJ;12;23 ANNABA;13.4;46 A.TEMOUCHENT;7;6 BEJAIA;0
39 EL-OUED;328.1;27 MOSTAGANEM;554.2;18 JIJEL;351.3;7 BISKRA;93.6;29 MASCARA;440.7;27 MOSTAGANEM;257.6;40 KHENCHELA;257.6;28 M'SILA;330.9;39 EL-OUED;431.7;39 EL-OUED;330;28 M'SILA;321.2;35 BOUMERDES;175;16 ALGER;255.1;19 SETIF;238.3;18 JIJEL;227.8;22 S.B.ABBES;128;9 BLIDA;99.4;14 TIARET;80;10 BOUIRA;251.2;25 CONSTANTINE;29.6;9 BLIDA;30.2;23 ANNABA;25.3;43 MILA;19.4;6 BEJAIA;0;6 BEJAIA;0;7 BISKRA;0;TOTAL ALGERIE;664.9;6 BEJAIA;10;4 O.E.BOUAGHI;0;47 GHARDAIA;24.9;13 TLEMCEN;15;TOTAL ALGERIE;12.2;23 ANNABA;11.7;13 TLEMCEN;13;27 MOSTAGANEM;6;7 BISKRA;0
27 MOSTAGANEM;324;16 ALGER;552.1;24 GUELMA;340.2;27 MOSTAGANEM;92.4;37 TINDOUF;436.5;37 TINDOUF;250;14 TIARET;250;TOTAL ALGERIE;322.4;1 ADRAR;422.5;4 O.E.BOUAGHI;294.4;14 TIARET;320;48 RELIZANE;166.9;35 BOUMERDES;249.5;TOTAL ALGERIE;238.1;16 ALGER;224;16 ALGER;118.5;34 B.B.ARRERIDJ;97.3;32 EL-BAYADH;80;35 BOUMERDES;233.9;9 BLIDA;29;17 DJELFA;30;47 GHARDAIA;25.1;34 B.B.ARRERIDJ;19;7 BISKRA;0;7 BISKRA;0;8 BECHAR;0;36 EL-TARF;641.5;21 SKIKDA;9.2;5 BATNA;0;29 MASCARA;21.1;43 MILA;14.6;20 SAIDA;12;10 BOUIRA;10.7;27 MOSTAGANEM;12.7;1 ADRAR;0;8 BECHAR;0
42 TIPAZA;322.3;22 S.B.ABBES;550;TOTAL ALGERIE;320.9;42 TIPAZA;89.7;43 MILA;427.6;6 BEJAIA;245.2;43 MILA;247.6;3 LAGHOUAT;300;TOTAL ALGERIE;407.2;16 ALGER;293.6;3 LAGHOUAT;318.8;9 BLIDA;162.4;27 MOSTAGANEM;232.5;30 OUARGLA;228;32 EL-BAYADH;218.3;45 NAAMA;112.6;20 SAIDA;96.5;39 EL-OUED;72.7;TOTAL ALGERIE;222.9;44 AIN-DEFLA;28.5;44 AIN-DEFLA;29.6;1 ADRAR;25;17 DJELFA;18;8 BECHAR;0;8 BECHAR;0;9 BLIDA;0;27 MOSTAGANEM;600;36 EL-TARF;3.8;6 BEJAIA;0;18 JIJEL;17.4;31 ORAN;14;21 SKIKDA;12;44 AIN-DEFLA;10.5;25 CONSTANTINE;12.6;2 CHLEF;0;9 BLIDA;0
TOTAL ALGERIE;318;35 BOUMERDES;536.9;28 M'SILA;301.3;45 NAAMA;87.9;20 SAIDA;397.2;12 TEBESSA;243.5;16 ALGER;242.5;16 ALGER;284.9;43 MILA;402.9;TOTAL ALGERIE;292.3;42 TIPAZA;313.1;31 ORAN;155.8;46 A.TEMOUCHENT;215.4;28 M'SILA;220;12 TEBESSA;218;43 MILA;108.4;2 CHLEF;95.7;20 SAIDA;71.2;18 JIJEL;221.7;8 BECHAR;28;42 TIPAZA;29.4;42 TIPAZA;24.5;44 AIN-DEFLA;18;9 BLIDA;0;9 BLIDA;0;10 BOUIRA;0;23 ANNABA;532;2 CHLEF;0;7 BISKRA;0;36 EL-TARF;13.3;34 B.B.ARRERIDJ;14;27 MOSTAGANEM;12;41 SOUK-AHRAS;9.6;44 AIN-DEFLA;12.5;3 LAGHOUAT;0;10 BOUIRA;0
13 TLEMCEN;314.3;9 BLIDA;531.5;39 EL-OUED;300;28 M'SILA;82.8;32 EL-BAYADH;393.2;35 BOUMERDES;240.4;35 BOUMERDES;242;43 MILA;282.8;35 BOUMERDES;395.6;35 BOUMERDES;291.2;32 EL-BAYADH;310.6;6 BEJAIA;150;22 S.B.ABBES;207;29 MASCARA;220;42 TIPAZA;214.8;19 SETIF;106.7;44 AIN-DEFLA;89.2;16 ALGER;70.8;42 TIPAZA;215.2;33 ILLIZI;28;43 MILA;29.1;9 BLIDA;24;11 TAMANRASSET;17.7;10 BOUIRA;0;10 BOUIRA;0;11 TAMANRASSET;0;21 SKIKDA;500;3 LAGHOUAT;0;9 BLIDA;0;8 BECHAR;9.2;26 MEDEA;13.8;19 SETIF;10.2;25 CONSTANTINE;9.3;21 SKIKDA;12;4 O.E.BOUAGHI;0;11 TAMANRASSET;0
24 GUELMA;312.7;40 KHENCHELA;449.7;43 MILA;278.5;9 BLIDA;82.3;12 TEBESSA;375.6;TOTAL ALGERIE;240.2;20 SAIDA;217.8;14 TIARET;280;44 AIN-DEFLA;394.9;18 JIJEL;281.1;TOTAL ALGERIE;305.5;43 MILA;145.5;9 BLIDA;205.6;35 BOUMERDES;207.8;35 BOUMERDES;209;12 TEBESSA;100;38 TISSEMSILT;88.5;44 AIN-DEFLA;70.4;34 B.B.ARRERIDJ;210.9;23 ANNABA;27.6;33 ILLIZI;28;36 EL-TARF;22.9;5 BATNA;17.5;11 TAMANRASSET;0;11 TAMANRASSET;0;12 TEBESSA;0;4 O.E.BOUAGHI;450;9 BLIDA;0;10 BOUIRA;0;2 CHLEF;0;23 ANNABA;13.7;26 MEDEA;10.1;26 MEDEA;9;36 EL-TARF;12;5 BATNA;0;12 TEBESSA;0
35 BOUMERDES;310.7;20 SAIDA;448.3;42 TIPAZA;275.8;36 EL-TARF;81.8;7 BISKRA;356.3;22 S.B.ABBES;240;3 LAGHOUAT;210;20 SAIDA;250.2;28 M'SILA;393;9 BLIDA;260.8;16 ALGER;293.1;23 ANNABA;131.7;28 M'SILA;197.5;21 SKIKDA;207.5;19 SETIF;185.5;3 LAGHOUAT;99.9;19 SETIF;82.3;3 LAGHOUAT;70;32 EL-BAYADH;198.1;35 BOUMERDES;27.5;6 BEJAIA;27.6;6 BEJAIA;22.3;41 SOUK-AHRAS;17.2;12 TEBESSA;0;12 TEBESSA;0;13 TLEMCEN;0;6 BEJAIA;450;10 BOUIRA;0;11 TAMANRASSET;0;3 LAGHOUAT;0;TOTAL ALGERIE;13.3;2 CHLEF;10;TOTAL ALGERIE;9;20 SAIDA;11.9;6 BEJAIA;0;13 TLEMCEN;0
28 M'SILA;307.1;28 M'SILA;380.8;21 SKIKDA;274.4;3 LAGHOUAT;80;35 BOUMERDES;355.1;44 AIN-DEFLA;240;28 M'SILA;203.2;13 TLEMCEN;250;14 TIARET;390;30 OUARGLA;254.3;30 OUARGLA;285.6;21 SKIKDA;126.7;21 SKIKDA;188.7;14 TIARET;200;39 EL-OUED;182.2;26 MEDEA;91.3;40 KHENCHELA;82.3;27 MOSTAGANEM;68.8;8 BECHAR;193.8;18 JIJEL;27.2;15 TIZI-OUZOU;26.7;11 TAMANRASSET;20.4;19 SETIF;16.7;13 TLEMCEN;0;13 TLEMCEN;0;14 TIARET;0;17 DJELFA;400;11 TAMANRASSET;0;12 TEBESSA;0;4 O.E.BOUAGHI;0;19 SETIF;13.2;22 S.B.ABBES;10;48 RELIZANE;8.4;TOTAL ALGERIE;11.2;7 BISKRA;0;14 TIARET;0
25 CONSTANTINE;307;24 GUELMA;366.8;13 TLEMCEN;273.1;33 ILLIZI;80;27 MOSTAGANEM;352.4;15 TIZI-OUZOU;234.5;4 O.E.BOUAGHI;200;35 BOUMERDES;243.4;4 O.E.BOUAGHI;340.2;28 M'SILA;247.2;22 S.B.ABBES;260;47 GHARDAIA;100;23 ANNABA;149.1;9 BLIDA;195.5;27 MOSTAGANEM;181.6;TOTAL ALGERIE;90.2;3 LAGHOUAT;82.2;35 BOUMERDES;68.5;39 EL-OUED;182.5;42 TIPAZA;26.3;16 ALGER;26;18 JIJEL;20.1;15 TIZI-OUZOU;16.5;15 TIZI-OUZOU;0;14 TIARET;0;15 TIZI-OUZOU;0;45 NAAMA;398.4;12 TEBESSA;0;13 TLEMCEN;0;5 BATNA;0;35 BOUMERDES;13;29 MASCARA;10;46 A.TEMOUCHENT;8.2;10 BOUIRA;11.1;8 BECHAR;0;15 TIZI-OUZOU;0
15 TIZI-OUZOU;306;46 A.TEMOUCHENT;356.9;35 BOUMERDES;270.7;44 AIN-DEFLA;80;TOTAL ALGERIE;352.2;32 EL-BAYADH;234.5;22 S.B.ABBES;190;40 KHENCHELA;240.6;30 OUARGLA;278.7;2 CHLEF;242.7;15 TIZI-OUZOU;256.9;18 JIJEL;96.9;31 ORAN;136.8;26 MEDEA;180;TOTAL ALGERIE;180;37 TINDOUF;90;33 ILLIZI;80;43 MILA;68.2;27 MOSTAGANEM;174.4;36 EL-TARF;25.3;32 EL-BAYADH;25.1;44 AIN-DEFLA;19.9;6 BEJAIA;16.2;16 ALGER;0;15 TIZI-OUZOU;0;16 ALGER;0;1 ADRAR;376.5;13 TLEMCEN;0;14 TIARET;0;6 BEJAIA;0;2 CHLEF;12.5;31 ORAN;10;22 S.B.ABBES;8;2 CHLEF;11;9 BLIDA;0;16 ALGER;0
2 CHLEF;301.1;32 EL-BAYADH;349.6;38 TISSEMSILT;266.8;20 SAIDA;79.9;30 OUARGLA;349.7;39 EL-OUED;220.4;44 AIN-DEFLA;189.3;46 A.TEMOUCHENT;232.8;22 S.B.ABBES;270;22 S.B.ABBES;230;39 EL-OUED;254.5;29 MASCARA;50;45 NAAMA;128.9;24 GUELMA;178.2;21 SKIKDA;178.9;13 TLEMCEN;88.8;15 TIZI-OUZOU;79.8;21 SKIKDA;68.1;30 OUARGLA;173.3;2 CHLEF;25;36 EL-TARF;24;16 ALGER;19.8;9 BLIDA;16;17 DJELFA;0;16 ALGER;0;17 DJELFA;0;41 SOUK-AHRAS;370.3;14 TIARET;0;15 TIZI-OUZOU;0;10 BOUIRA;0;27 MOSTAGANEM;12.2;38 TISSEMSILT;7.2;27 MOSTAGANEM;8;12 TEBESSA;10;10 BOUIRA;0;17 DJELFA;0
5 BATNA;297.8;43 MILA;341.2;8 BECHAR;253.7;2 CHLEF;79;13 TLEMCEN;343.8;10 BOUIRA;218.4;30 OUARGLA;175.1;29 MASCARA;232.1;9 BLIDA;268.4;29 MASCARA;229.1;44 AIN-DEFLA;247.3;10 BOUIRA;35;36 EL-TARF;114.1;31 ORAN;162.1;15 TIZI-OUZOU;177.1;15 TIZI-OUZOU;84;42 TIPAZA;78.3;42 TIPAZA;66.5;9 BLIDA;167.2;21 SKIKDA;24.9;11 TAMANRASSET;23.8;26 MEDEA;18.6;2 CHLEF;15;18 JIJEL;0;17 DJELFA;0;18 JIJEL;0;47 GHARDAIA;368.8;15 TIZI-OUZOU;0;16 ALGER;0;11 TAMANRASSET;0;21 SKIKDA;12;48 RELIZANE;6.6;29 MASCARA;7.4;26 MEDEA;9.1;11 TAMANRASSET;0;18 JIJEL;0
46 A.TEMOUCHENT;296.9;19 SETIF;334.5;16 ALGER;241;17 DJELFA;77.2;14 TIARET;334;46 A.TEMOUCHENT;213.9;15 TIZI-OUZOU;167.3;22 S.B.ABBES;210;15 TIZI-OUZOU;268.1;46 A.TEMOUCHENT;228.6;46 A.TEMOUCHENT;240.3;41 SOUK-AHRAS;32.3;34 B.B.ARRERIDJ;100;32 EL-BAYADH;160;3 LAGHOUAT;173.1;5 BATNA;83.9;45 NAAMA;78.3;15 TIZI-OUZOU;62.5;7 BISKRA;166.1;11 TAMANRASSET;23.8;2 CHLEF;23;32 EL-BAYADH;18.3;42 TIPAZA;15;20 SAIDA;0;19 SETIF;0;19 SETIF;0;18 JIJEL;284.5;16 ALGER;0;17 DJELFA;0;12 TEBESSA;0;36 EL-TARF;12;46 A.TEMOUCHENT;5.6;12 TEBESSA;7;29 MASCARA;9.1;12 TEBESSA;0;19 SETIF;0
18 JIJEL;296.4;3 LAGHOUAT;321.4;3 LAGHOUAT;239.4;48 RELIZANE;71.5;15 TIZI-OUZOU;331.2;3 LAGHOUAT;210;6 BEJAIA;161.7;2 CHLEF;209.8;6 BEJAIA;263.8;15 TIZI-OUZOU;215.8;35 BOUMERDES;225.8;1 ADRAR;0;17 DJELFA;92.9;10 BOUIRA;155.1;37 TINDOUF;170;9 BLIDA;83.5;16 ALGER;77.6;9 BLIDA;60.7;28 M'SILA;165.1;3 LAGHOUAT;23.7;28 M'SILA;23;19 SETIF;18.2;8 BECHAR;14.9;21 SKIKDA;0;20 SAIDA;0;20 SAIDA;0;11 TAMANRASSET;201.2;17 DJELFA;0;18 JIJEL;0;13 TLEMCEN;0;29 MASCARA;11;1 ADRAR;0;38 TISSEMSILT;6.9;41 SOUK-AHRAS;8.6;14 TIARET;0;20 SAIDA;0
30 OUARGLA;295.5;48 RELIZANE;314.8;37 TINDOUF;230;37 TINDOUF;70;24 GUELMA;325.4;30 OUARGLA;204;11 TAMANRASSET;160;4 O.E.BOUAGHI;200;46 A.TEMOUCHENT;260.5;24 GUELMA;210.4;29 MASCARA;212.4;3 LAGHOUAT;0;6 BEJAIA;92.2;13 TLEMCEN;155.1;30 OUARGLA;169.1;28 M'SILA;80.6;24 GUELMA;75.1;34 B.B.ARRERIDJ;60;16 ALGER;163.2;28 M'SILA;23;21 SKIKDA;22.5;4 O.E.BOUAGHI;18.1;26 MEDEA;14.6;22 S.B.ABBES;0;22 S.B.ABBES;0;21 SKIKDA;0;3 LAGHOUAT;0;18 JIJEL;0;19 SETIF;0;14 TIARET;0;10 BOUIRA;10.6;3 LAGHOUAT;0;14 TIARET;6.8;48 RELIZANE;8.5;16 ALGER;0;22 S.B.ABBES;0
20 SAIDA;295.1;31 ORAN;300.9;46 A.TEMOUCHENT;226.1;34 B.B.ARRERIDJ;69.9;6 BEJAIA;302.9;5 BATNA;197.9;21 SKIKDA;156.1;47 GHARDAIA;178.9;24 GUELMA;255.8;32 EL-BAYADH;208.5;47 GHARDAIA;209.9;4 O.E.BOUAGHI;0;25 CONSTANTINE;80;36 EL-TARF;146.3;45 NAAMA;167.8;14 TIARET;80;TOTAL ALGERIE;74.8;45 NAAMA;59.1;23 ANNABA;158.2;17 DJELFA;22.7;8 BECHAR;22;2 CHLEF;18;TOTAL ALGERIE;13.1;23 ANNABA;0;23 ANNABA;0;22 S.B.ABBES;0;5 BATNA;0;20 SAIDA;0;20 SAIDA;0;15 TIZI-OUZOU;0;5 BATNA;10;4 O.E.BOUAGHI;0;20 SAIDA;6.5;38 TISSEMSILT;8.1;17 DJELFA;0;23 ANNABA;0
48 RELIZANE;292.6;4 O.E.BOUAGHI;300;25 CONSTANTINE;222.4;35 BOUMERDES;69.1;10 BOUIRA;294;29 MASCARA;194;36 EL-TARF;150.7;21 SKIKDA;170.2;21 SKIKDA;249.6;21 SKIKDA;195.3;31 ORAN;207.6;5 BATNA;0;3 LAGHOUAT;70;6 BEJAIA;141.8;34 B.B.ARRERIDJ;159.2;33 ILLIZI;80;21 SKIKDA;74.6;19 SETIF;58.6;6 BEJAIA;155.3;32 EL-BAYADH;22.7;40 KHENCHELA;20.2;41 SOUK-AHRAS;18;27 MOSTAGANEM;13;24 GUELMA;0;24 GUELMA;0;23 ANNABA;0;7 BISKRA;0;22 S.B.ABBES;0;21 SKIKDA;0;16 ALGER;0;38 TISSEMSILT;9.2;5 BATNA;0;1 ADRAR;6.3;22 S.B.ABBES;8;19 SETIF;0;24 GUELMA;0
47 GHARDAIA;291.8;14 TIARET;300;19 SETIF;218.8;30 OUARGLA;67.5;18 JIJEL;279.5;18 JIJEL;177.2;46 A.TEMOUCHENT;145.3;5 BATNA;163.5;29 MASCARA;230.6;19 SETIF;194.2;21 SKIKDA;205.8;7 BISKRA;0;8 BECHAR;60;48 RELIZANE;131.6;5 BATNA;156.6;42 TIPAZA;78.3;13 TLEMCEN;74.3;33 ILLIZI;58.2;22 S.B.ABBES;150.1;6 BEJAIA;22.5;27 MOSTAGANEM;19;5 BATNA;17.7;35 BOUMERDES;13;25 CONSTANTINE;0;25 CONSTANTINE;0;24 GUELMA;0;8 BECHAR;0;23 ANNABA;0;22 S.B.ABBES;0;17 DJELFA;0;22 S.B.ABBES;9;7 BISKRA;0;4 O.E.BOUAGHI;6.2;46 A.TEMOUCHENT;7.9;20 SAIDA;0;26 MEDEA;0
32 EL-BAYADH;289.2;21 SKIKDA;300;22 S.B.ABBES;210.9;13 TLEMCEN;65.9;22 S.B.ABBES;270.8;45 NAAMA;167.5;5 BATNA;143.7;11 TAMANRASSET;158.6;3 LAGHOUAT;219.4;48 RELIZANE;183.9;5 BATNA;183.6;8 BECHAR;0;41 SOUK-AHRAS;51.7;3 LAGHOUAT;130;23 ANNABA;155.1;39 EL-OUED;78.2;39 EL-OUED;74;17 DJELFA;52;11 TAMANRASSET;147.4;27 MOSTAGANEM;21;41 SOUK-AHRAS;17.9;21 SKIKDA;17.6;32 EL-BAYADH;12.9;26 MEDEA;0;26 MEDEA;0;25 CONSTANTINE;0;12 TEBESSA;0;24 GUELMA;0;23 ANNABA;0;19 SETIF;0;48 RELIZANE;8.9;8 BECHAR;0;19 SETIF;5.3;6 BEJAIA;7.5;22 S.B.ABBES;0;27 MOSTAGANEM;0
7 BISKRA;286.9;10 BOUIRA;292.7;12 TEBESSA;206.7;19 SETIF;64.7;48 RELIZANE;270.8;13 TLEMCEN;167.2;24 GUELMA;142.5;1 ADRAR;150.7;32 EL-BAYADH;215;14 TIARET;176;8 BECHAR;145;11 TAMANRASSET;0;10 BOUIRA;50.6;23 ANNABA;122.5;24 GUELMA;153.3;35 BOUMERDES;72.9;27 MOSTAGANEM;62.4;TOTAL ALGERIE;51.3;5 BATNA;143.9;15 TIZI-OUZOU;20.5;19 SETIF;17.8;40 KHENCHELA;17.6;45 NAAMA;12.6;27 MOSTAGANEM;0;27 MOSTAGANEM;0;26 MEDEA;0;13 TLEMCEN;0;25 CONSTANTINE;0;24 GUELMA;0;20 SAIDA;0;46 A.TEMOUCHENT;7.1;9 BLIDA;0;5 BATNA;5;19 SETIF;7.5;24 GUELMA;0;28 M'SILA;0
17 DJELFA;285.9;15 TIZI-OUZOU;286.6;11 TAMANRASSET;196.3;15 TIZI-OUZOU;63.2;19 SETIF;267.5;17 DJELFA;165.5;23 ANNABA;140.2;23 ANNABA;149.6;31 ORAN;193.2;5 BATNA;173.4;19 SETIF;143.6;12 TEBESSA;0;1 ADRAR;46.2;17 DJELFA;118.6;7 BISKRA;152.6;27 MOSTAGANEM;69.9;35 BOUMERDES;61.5;37 TINDOUF;50;19 SETIF;142.2;TOTAL ALGERIE;20.3;26 MEDEA;17.4;28 M'SILA;17.5;38 TISSEMSILT;12.4;28 M'SILA;0;28 M'SILA;0;27 MOSTAGANEM;0;14 TIARET;0;26 MEDEA;0;25 CONSTANTINE;0;22 S.B.ABBES;0;41 SOUK-AHRAS;6.9;10 BOUIRA;0;36 EL-TARF;3;14 TIARET;7.2;25 CONSTANTINE;0;29 MASCARA;0
3 LAGHOUAT;282.9;41 SOUK-AHRAS;278.2;45 NAAMA;193.4;25 CONSTANTINE;62.8;28 M'SILA;257.6;14 TIARET;165.2;25 CONSTANTINE;135.2;15 TIZI-OUZOU;149.1;5 BATNA;187.2;6 BEJAIA;165;13 TLEMCEN;141.2;13 TLEMCEN;0;4 O.E.BOUAGHI;0;46 A.TEMOUCHENT;118;47 GHARDAIA;145;44 AIN-DEFLA;69.1;17 DJELFA;60;38 TISSEMSILT;48;4 O.E.BOUAGHI;137.5;40 KHENCHELA;20.1;38 TISSEMSILT;16.9;27 MOSTAGANEM;17;13 TLEMCEN;12;29 MASCARA;0;29 MASCARA;0;28 M'SILA;0;15 TIZI-OUZOU;0;27 MOSTAGANEM;0;26 MEDEA;0;23 ANNABA;0;1 ADRAR;0;11 TAMANRASSET;0;31 ORAN;2.7;4 O.E.BOUAGHI;5.5;26 MEDEA;0;30 OUARGLA;0
19 SETIF;281.1;45 NAAMA;273.5;5 BATNA;192.6;32 EL-BAYADH;62.8;40 KHENCHELA;253;40 KHENCHELA;154;1 ADRAR;117.3;6 BEJAIA;144;36 EL-TARF;163.2;11 TAMANRASSET;163.2;36 EL-TARF;139.5;14 TIARET;0;5 BATNA;0;45 NAAMA;103.3;9 BLIDA;144.4;17 DJELFA;67.7;46 A.TEMOUCHENT;58.5;1 ADRAR;46.5;15 TIZI-OUZOU;127.8;4 O.E.BOUAGHI;18.1;TOTAL ALGERIE;16.9;34 B.B.ARRERIDJ;17;21 SKIKDA;12;30 OUARGLA;0;30 OUARGLA;0;29 MASCARA;0;16 ALGER;0;28 M'SILA;0;27 MOSTAGANEM;0;25 CONSTANTINE;0;3 LAGHOUAT;0;12 TEBESSA;0;3 LAGHOUAT;0;34 B.B.ARRERIDJ;5;28 M'SILA;0;31 ORAN;0
21 SKIKDA;268.7;38 TISSEMSILT;257.9;7 BISKRA;190.6;21 SKIKDA;61.9;31 ORAN;251.5;19 SETIF;153.8;45 NAAMA;117.2;31 ORAN;142.7;45 NAAMA;155;45 NAAMA;159.5;11 TAMANRASSET;137.6;15 TIZI-OUZOU;0;7 BISKRA;0;34 B.B.ARRERIDJ;100;11 TAMANRASSET;140.5;30 OUARGLA;60.9;32 EL-BAYADH;54.3;8 BECHAR;45;29 MASCARA;126;19 SETIF;18.1;5 BATNA;16.5;15 TIZI-OUZOU;16.8;29 MASCARA;10.3;31 ORAN;0;31 ORAN;0;30 OUARGLA;0;19 SETIF;0;29 MASCARA;0;28 M'SILA;0;26 MEDEA;0;7 BISKRA;0;14 TIARET;0;7 BISKRA;0;31 ORAN;4.3;29 MASCARA;0;32 EL-BAYADH;0
29 MASCARA;265.5;1 ADRAR;253.2;47 GHARDAIA;185.2;24 GUELMA;61.7;47 GHARDAIA;243.1;34 B.B.ARRERIDJ;150.6;31 ORAN;116.8;36 EL-TARF;140.5;23 ANNABA;153.2;25 CONSTANTINE;155.8;26 MEDEA;136.9;17 DJELFA;0;11 TAMANRASSET;0;8 BECHAR;80;17 DJELFA;131.6;34 B.B.ARRERIDJ;60.8;25 CONSTANTINE;53.3;40 KHENCHELA;45;47 GHARDAIA;125.9;26 MEDEA;17.8;4 O.E.BOUAGHI;16;35 BOUMERDES;16.4;14 TIARET;10.2;32 EL-BAYADH;0;33 ILLIZI;0;31 ORAN;0;20 SAIDA;0;30 OUARGLA;0;29 MASCARA;0;27 MOSTAGANEM;0;8 BECHAR;0;16 ALGER;0;8 BECHAR;0;5 BATNA;0.6;30 OUARGLA;0;33 ILLIZI;0
38 TISSEMSILT;261.6;6 BEJAIA;253.1;34 B.B.ARRERIDJ;184.2;11 TAMANRASSET;61.6;5 BATNA;234.1;26 MEDEA;146.9;33 ILLIZI;110;44 AIN-DEFLA;133.9;10 BOUIRA;149.3;31 ORAN;147.1;23 ANNABA;134.7;19 SETIF;0;12 TEBESSA;0;39 EL-OUED;65;26 MEDEA;125.8;8 BECHAR;60;48 RELIZANE;53.2;6 BEJAIA;38.5;24 GUELMA;124.4;38 TISSEMSILT;17.5;45 NAAMA;14.6;TOTAL ALGERIE;14.5;20 SAIDA;9.9;33 ILLIZI;0;34 B.B.ARRERIDJ;0;32 EL-BAYADH;0;25 CONSTANTINE;0;31 ORAN;0;30 OUARGLA;0;28 M'SILA;0;9 BLIDA;0;17 DJELFA;0;9 BLIDA;0;1 ADRAR;0;31 ORAN;0;34 B.B.ARRERIDJ;0
4 O.E.BOUAGHI;261.5;29 MASCARA;247.4;23 ANNABA;184;1 ADRAR;55;11 TAMANRASSET;223.7;47 GHARDAIA;144.9;12 TEBESSA;108.9;24 GUELMA;133.2;11 TAMANRASSET;148.2;8 BECHAR;130;6 BEJAIA;132.8;20 SAIDA;0;14 TIARET;0;47 GHARDAIA;57.5;13 TLEMCEN;124.2;25 CONSTANTINE;57.5;31 ORAN;53;26 MEDEA;37.8;21 SKIKDA;121.3;48 RELIZANE;16.5;34 B.B.ARRERIDJ;14.5;3 LAGHOUAT;14.1;48 RELIZANE;9.4;34 B.B.ARRERIDJ;0;35 BOUMERDES;0;33 ILLIZI;0;26 MEDEA;0;32 EL-BAYADH;0;31 ORAN;0;31 ORAN;0;11 TAMANRASSET;0;18 JIJEL;0;11 TAMANRASSET;0;3 LAGHOUAT;0;32 EL-BAYADH;0;35 BOUMERDES;0
41 SOUK-AHRAS;260.6;30 OUARGLA;233.9;9 BLIDA;182.9;22 S.B.ABBES;48;3 LAGHOUAT;203.9;23 ANNABA;142.9;32 EL-BAYADH;104.7;48 RELIZANE;132.3;34 B.B.ARRERIDJ;141.5;23 ANNABA;124.1;48 RELIZANE;131.2;24 GUELMA;0;20 SAIDA;0;41 SOUK-AHRAS;56.7;31 ORAN;121.9;32 EL-BAYADH;57.4;36 EL-TARF;52.1;29 MASCARA;36.3;37 TINDOUF;119.7;5 BATNA;15.9;48 RELIZANE;13;38 TISSEMSILT;14.1;22 S.B.ABBES;7.8;35 BOUMERDES;0;36 EL-TARF;0;34 B.B.ARRERIDJ;0;28 M'SILA;0;33 ILLIZI;0;32 EL-BAYADH;0;33 ILLIZI;0;12 TEBESSA;0;28 M'SILA;0;16 ALGER;0;7 BISKRA;0;33 ILLIZI;0;36 EL-TARF;0
22 S.B.ABBES;259.2;26 MEDEA;227.2;48 RELIZANE;178.5;8 BECHAR;47.9;23 ANNABA;195.9;9 BLIDA;134.2;13 TLEMCEN;100;12 TEBESSA;113.6;40 KHENCHELA;135.4;12 TEBESSA;122.8;33 ILLIZI;110;25 CONSTANTINE;0;26 MEDEA;0;25 CONSTANTINE;53.9;6 BEJAIA;118.4;38 TISSEMSILT;57.2;14 TIARET;50;47 GHARDAIA;34.5;17 DJELFA;111.3;45 NAAMA;15.7;12 TEBESSA;12.3;12 TEBESSA;13.7;46 A.TEMOUCHENT;7.7;36 EL-TARF;0;37 TINDOUF;0;35 BOUMERDES;0;29 MASCARA;0;34 B.B.ARRERIDJ;0;33 ILLIZI;0;34 B.B.ARRERIDJ;0;14 TIARET;0;30 OUARGLA;0;17 DJELFA;0;8 BECHAR;0;34 B.B.ARRERIDJ;0;37 TINDOUF;0
26 MEDEA;254.4;5 BATNA;218.2;36 EL-TARF;169.1;26 MEDEA;47.4;17 DJELFA;187.5;11 TAMANRASSET;132.7;47 GHARDAIA;100;33 ILLIZI;110;8 BECHAR;130;17 DJELFA;116.9;1 ADRAR;108.3;26 MEDEA;0;29 MASCARA;0;11 TAMANRASSET;47.5;10 BOUIRA;118.4;11 TAMANRASSET;56.2;41 SOUK-AHRAS;43.1;23 ANNABA;33.6;33 ILLIZI;110;14 TIARET;15.5;29 MASCARA;11.3;48 RELIZANE;13;31 ORAN;4.9;37 TINDOUF;0;38 TISSEMSILT;0;36 EL-TARF;0;30 OUARGLA;0;35 BOUMERDES;0;34 B.B.ARRERIDJ;0;35 BOUMERDES;0;16 ALGER;0;32 EL-BAYADH;0;18 JIJEL;0;11 TAMANRASSET;0;35 BOUMERDES;0;38 TISSEMSILT;0
34 B.B.ARRERIDJ;250.3;25 CONSTANTINE;204.4;30 OUARGLA;167.3;6 BEJAIA;46.6;46 A.TEMOUCHENT;186.8;31 ORAN;129.1;2 CHLEF;91;32 EL-BAYADH;106.3;12 TEBESSA;123.7;40 KHENCHELA;114.7;45 NAAMA;107.2;28 M'SILA;0;30 OUARGLA;0;1 ADRAR;41.3;8 BECHAR;115;1 ADRAR;53;6 BEJAIA;42.5;25 CONSTANTINE;33.1;1 ADRAR;97.4;12 TEBESSA;15.2;46 A.TEMOUCHENT;10.5;45 NAAMA;11.6;12 TEBESSA;0;38 TISSEMSILT;0;39 EL-OUED;0;37 TINDOUF;0;31 ORAN;0;37 TINDOUF;0;35 BOUMERDES;0;37 TINDOUF;0;17 DJELFA;0;33 ILLIZI;0;28 M'SILA;0;17 DJELFA;0;36 EL-TARF;0;39 EL-OUED;0
45 NAAMA;244.5;11 TAMANRASSET;202.5;40 KHENCHELA;166;18 JIJEL;43.4;8 BECHAR;185.6;7 BISKRA;118.9;48 RELIZANE;76.3;25 CONSTANTINE;100.6;25 CONSTANTINE;116.1;33 ILLIZI;110;17 DJELFA;90;30 OUARGLA;0;32 EL-BAYADH;0;4 O.E.BOUAGHI;0;14 TIARET;114.7;6 BEJAIA;48.9;43 MILA;40;36 EL-TARF;30.6;40 KHENCHELA;91.5;41 SOUK-AHRAS;14.8;13 TLEMCEN;9.8;17 DJELFA;11.5;16 ALGER;0;39 EL-OUED;0;40 KHENCHELA;0;38 TISSEMSILT;0;32 EL-BAYADH;0;38 TISSEMSILT;0;37 TINDOUF;0;38 TISSEMSILT;0;28 M'SILA;0;34 B.B.ARRERIDJ;0;30 OUARGLA;0;28 M'SILA;0;37 TINDOUF;0;40 KHENCHELA;0
31 ORAN;237.4;8 BECHAR;150;31 ORAN;147.4;47 GHARDAIA;42.3;25 CONSTANTINE;185;1 ADRAR;115.2;8 BECHAR;70;45 NAAMA;92.8;26 MEDEA;110.1;10 BOUIRA;108.1;25 CONSTANTINE;88.9;32 EL-BAYADH;0;33 ILLIZI;0;5 BATNA;0;1 ADRAR;111;36 EL-TARF;46.2;10 BOUIRA;36.1;10 BOUIRA;29.2;48 RELIZANE;87;46 A.TEMOUCHENT;13.7;14 TIARET;9.5;46 A.TEMOUCHENT;11.1;18 JIJEL;0;40 KHENCHELA;0;41 SOUK-AHRAS;0;39 EL-OUED;0;33 ILLIZI;0;40 KHENCHELA;0;38 TISSEMSILT;0;39 EL-OUED;0;30 OUARGLA;0;35 BOUMERDES;0;32 EL-BAYADH;0;30 OUARGLA;0;38 TISSEMSILT;0;41 SOUK-AHRAS;0
40 KHENCHELA;237.3;17 DJELFA;147.4;41 SOUK-AHRAS;147.4;40 KHENCHELA;40.1;26 MEDEA;166.7;8 BECHAR;115;17 DJELFA;66.2;34 B.B.ARRERIDJ;88.1;33 ILLIZI;110;36 EL-TARF;107.8;12 TEBESSA;80;33 ILLIZI;0;37 TINDOUF;0;7 BISKRA;0;33 ILLIZI;110;29 MASCARA;41.7;29 MASCARA;35.7;46 A.TEMOUCHENT;28.7;36 EL-TARF;85.3;34 B.B.ARRERIDJ;13.6;22 S.B.ABBES;8.5;13 TLEMCEN;10.5;30 OUARGLA;0;41 SOUK-AHRAS;0;42 TIPAZA;0;40 KHENCHELA;0;34 B.B.ARRERIDJ;0;41 SOUK-AHRAS;0;40 KHENCHELA;0;40 KHENCHELA;0;32 EL-BAYADH;0;36 EL-TARF;0;33 ILLIZI;0;32 EL-BAYADH;0;39 EL-OUED;0;42 TIPAZA;0
6 BEJAIA;214.9;47 GHARDAIA;145.3;26 MEDEA;143;29 MASCARA;40;38 TISSEMSILT;158.1;33 ILLIZI;110.1;29 MASCARA;64.7;8 BECHAR;85;41 SOUK-AHRAS;110;34 B.B.ARRERIDJ;104.6;10 BOUIRA;73.3;34 B.B.ARRERIDJ;0;38 TISSEMSILT;0;12 TEBESSA;0;25 CONSTANTINE;97.8;31 ORAN;37.4;23 ANNABA;34.6;41 SOUK-AHRAS;25;45 NAAMA;85.3;20 SAIDA;13.2;20 SAIDA;7.8;29 MASCARA;10.5;33 ILLIZI;0;42 TIPAZA;0;43 MILA;0;41 SOUK-AHRAS;0;35 BOUMERDES;0;42 TIPAZA;0;41 SOUK-AHRAS;0;41 SOUK-AHRAS;0;33 ILLIZI;0;37 TINDOUF;0;35 BOUMERDES;0;33 ILLIZI;0;40 KHENCHELA;0;43 MILA;0
8 BECHAR;213.5;34 B.B.ARRERIDJ;138.7;6 BEJAIA;141.8;46 A.TEMOUCHENT;36.9;34 B.B.ARRERIDJ;137.8;25 CONSTANTINE;106.9;38 TISSEMSILT;64;17 DJELFA;77.1;47 GHARDAIA;93.3;26 MEDEA;96.9;41 SOUK-AHRAS;25.5;37 TINDOUF;0;39 EL-OUED;0;20 SAIDA;0;40 KHENCHELA;92.3;10 BOUIRA;35.1;8 BECHAR;34;48 RELIZANE;21.5;12 TEBESSA;83.6;29 MASCARA;12.3;31 ORAN;7.1;14 TIARET;9.9;36 EL-TARF;0;43 MILA;0;44 AIN-DEFLA;0;42 TIPAZA;0;37 TINDOUF;0;43 MILA;0;42 TIPAZA;0;42 TIPAZA;0;37 TINDOUF;0;39 EL-OUED;0;37 TINDOUF;0;37 TINDOUF;0;43 MILA;0;44 AIN-DEFLA;0
1 ADRAR;195;12 TEBESSA;121.5;15 TIZI-OUZOU;139.5;10 BOUIRA;35;33 ILLIZI;135;48 RELIZANE;93;10 BOUIRA;42.5;26 MEDEA;59.6;48 RELIZANE;83.2;47 GHARDAIA;95.5;4 O.E.BOUAGHI;0;38 TISSEMSILT;0;40 KHENCHELA;0;33 ILLIZI;0;48 RELIZANE;60;46 A.TEMOUCHENT;33.7;12 TEBESSA;28;31 ORAN;20.4;3 LAGHOUAT;80.8;13 TLEMCEN;11.5;18 JIJEL;0;31 ORAN;9.7;37 TINDOUF;0;45 NAAMA;0;45 NAAMA;0;43 MILA;0;38 TISSEMSILT;0;45 NAAMA;0;43 MILA;0;43 MILA;0;39 EL-OUED;0;40 KHENCHELA;0;39 EL-OUED;0;39 EL-OUED;0;44 AIN-DEFLA;0;45 NAAMA;0
37 TINDOUF;168;33 ILLIZI;110;1 ADRAR;120;31 ORAN;31.6;41 SOUK-AHRAS;125;38 TISSEMSILT;57.4;26 MEDEA;40.8;10 BOUIRA;50.3;17 DJELFA;53.8;1 ADRAR;90.6;24 GUELMA;0;39 EL-OUED;0;43 MILA;0;37 TINDOUF;0;36 EL-TARF;51.4;41 SOUK-AHRAS;32;26 MEDEA;25;4 O.E.BOUAGHI;0;25 CONSTANTINE;59.5;22 S.B.ABBES;10;37 TINDOUF;0;22 S.B.ABBES;7.8;39 EL-OUED;0;46 A.TEMOUCHENT;0;46 A.TEMOUCHENT;0;45 NAAMA;0;39 EL-OUED;0;46 A.TEMOUCHENT;0;45 NAAMA;0;45 NAAMA;0;40 KHENCHELA;0;41 SOUK-AHRAS;0;40 KHENCHELA;0;40 KHENCHELA;0;45 NAAMA;0;46 A.TEMOUCHENT;0
11 TAMANRASSET;153.9;23 ANNABA;0;10 BOUIRA;119.4;38 TISSEMSILT;27.5;45 NAAMA;120;41 SOUK-AHRAS;40;34 B.B.ARRERIDJ;36;41 SOUK-AHRAS;42.1;20 SAIDA;0;41 SOUK-AHRAS;85.5;34 B.B.ARRERIDJ;0;40 KHENCHELA;0;47 GHARDAIA;0;38 TISSEMSILT;0;38 TISSEMSILT;47.8;48 RELIZANE;26.7;28 M'SILA;0;11 TAMANRASSET;0;31 ORAN;41.6;31 ORAN;6.9;39 EL-OUED;0;20 SAIDA;7.4;40 KHENCHELA;0;47 GHARDAIA;0;47 GHARDAIA;0;46 A.TEMOUCHENT;0;40 KHENCHELA;0;47 GHARDAIA;0;46 A.TEMOUCHENT;0;46 A.TEMOUCHENT;0;45 NAAMA;0;45 NAAMA;0;45 NAAMA;0;45 NAAMA;0;47 GHARDAIA;0;47 GHARDAIA;0
33 ILLIZI;150;36 EL-TARF;0;33 ILLIZI;100;16 ALGER;0;1 ADRAR;98.7;36 EL-TARF;0;41 SOUK-AHRAS;34.5;38 TISSEMSILT;34.1;38 TISSEMSILT;0;38 TISSEMSILT;56.2;38 TISSEMSILT;0;45 NAAMA;0;48 RELIZANE;0;40 KHENCHELA;0;41 SOUK-AHRAS;0;4 O.E.BOUAGHI;0;47 GHARDAIA;0;28 M'SILA;0;41 SOUK-AHRAS;17.7;37 TINDOUF;0;47 GHARDAIA;0;37 TINDOUF;0;47 GHARDAIA;0;48 RELIZANE;0;48 RELIZANE;0;47 GHARDAIA;0;46 A.TEMOUCHENT;0;48 RELIZANE;0;48 RELIZANE;0;48 RELIZANE;0;47 GHARDAIA;0;47 GHARDAIA;0;47 GHARDAIA;0;47 GHARDAIA;0;48 RELIZANE;0;48 RELIZANE;0
